Currency,Date,Closing Price (USD),24h Open (USD),24h High (USD),24h Low (USD)
LTC,2019-03-22,59.1813037143,58.38027087,59.4417194591,57.8890553281
LTC,2019-03-23,60.4013424432,59.0733625125,61.4580928283,58.8437704931
LTC,2019-03-24,59.3890128427,60.4013424432,60.7377290268,58.6343745485
LTC,2019-03-25,58.6422340995,59.3888540847,60.3277128735,57.9044115147
LTC,2019-03-26,58.0120235771,58.6412035338,58.9797534778,57.149644493
LTC,2019-03-27,60.9955401836,58.434021405,61.1840325782,58.2840290194
LTC,2019-03-28,60.2739283089,60.9955401979,61.5639746491,60.0010590879
LTC,2019-03-29,61.1261941212,60.2739288848,61.4937703272,59.8263560623
LTC,2019-03-30,60.2240828597,61.1983838441,61.4226394238,59.762767442
LTC,2019-03-31,60.3701799073,60.2240828597,60.5687660173,59.7389307414
LTC,2019-04-01,60.3077261323,60.3701799073,60.7580318772,59.8744355133
LTC,2019-04-02,73.9359909366,60.307716817,73.9359909366,60.0746159726
LTC,2019-04-03,84.7936486728,73.9360741953,98.8893527858,73.934235291
LTC,2019-04-04,83.7303370062,85.6401567511,90.2062108318,80.6832964291
LTC,2019-04-05,88.8353127693,83.7303252435,90.2066990236,83.730325243
LTC,2019-04-06,91.7131722543,88.6576467055,97.9071152702,85.4446989716
LTC,2019-04-07,92.3244028143,91.713172248,95.6660058608,89.0842370476
LTC,2019-04-08,88.8768987863,92.3244028143,94.0185434836,86.1867253688
LTC,2019-04-09,86.7128551275,88.876542024,89.3211545634,83.612673117
LTC,2019-04-10,88.1315429036,86.7128432498,91.3962359039,86.2612970645
LTC,2019-04-11,78.743170577,88.4035676046,88.5876608141,75.1388182098
LTC,2019-04-12,79.0632720924,79.3490694178,80.8205749571,75.346847837
LTC,2019-04-13,77.7836734004,79.0632720924,81.2237444906,75.8820975892
LTC,2019-04-14,82.6231125701,77.9639875365,83.1539145574,76.4258724048
LTC,2019-04-15,78.7770718413,83.6001041299,84.6234886058,75.1403112324
LTC,2019-04-16,80.6235546141,78.777071842,81.7403886554,77.2897065266
LTC,2019-04-17,78.9883921003,80.6235546141,81.8015447515,78.4660144533
LTC,2019-04-18,82.2985326582,78.9979498803,83.8058964138,78.947782772
LTC,2019-04-19,82.1263124572,82.0122501743,83.5698213857,80.0075045581
LTC,2019-04-20,81.4224415068,82.1263124572,83.1468277651,80.054699863
LTC,2019-04-21,77.0778676467,81.4224413896,82.1626807852,73.7338471666
LTC,2019-04-22,77.8202458248,77.2242578057,78.1851345024,75.7870908586
LTC,2019-04-23,76.5563499212,77.8202458248,79.9012401782,74.7349328001
LTC,2019-04-24,73.3746065759,76.5560335424,76.5766061535,70.7299064193
LTC,2019-04-25,71.9995112573,73.3746065759,75.1948490562,70.4262055266
LTC,2019-04-26,71.9430151012,71.2326806018,73.6769840054,69.4863605913
LTC,2019-04-27,71.6838805728,71.9430113236,72.1691001883,71.1041996595
LTC,2019-04-28,68.1485735512,71.6838805728,71.7216328347,67.5096344033
LTC,2019-04-29,66.4388178617,68.332901027,68.6281629639,65.5882784356
LTC,2019-04-30,74.0846165335,67.1454481914,74.1616992645,67.13327443
LTC,2019-05-01,71.8777507607,74.0846205641,74.9133901086,71.3895906435
LTC,2019-05-02,72.5337577851,72.5029517401,73.7749367126,72.142303011
LTC,2019-05-03,78.3015604026,72.5337577851,79.7761556056,72.4327180361
LTC,2019-05-04,77.659083042,77.8973893993,81.3778335889,74.2203410381
LTC,2019-05-05,75.4800272422,77.4977885926,77.5358548842,75.0052917094
LTC,2019-05-06,75.2314608501,75.4781597135,76.2374507102,71.4354639335
LTC,2019-05-07,75.3147663417,74.5928835709,78.0275038569,73.1974639253
LTC,2019-05-08,74.8257487058,73.7769229924,74.9973995984,72.0853563103
LTC,2019-05-09,73.7634496514,74.8262000484,75.7256227505,72.7177293173
LTC,2019-05-10,77.8920349367,73.7654800454,79.4148191333,72.9817270869
LTC,2019-05-11,91.9678141235,77.1158004021,93.1941653699,77.1157986273
LTC,2019-05-12,85.2411693793,88.1603717994,94.3138246547,83.7282618054
LTC,2019-05-13,88.7189778718,85.2409234068,93.0025122391,84.3565880325
LTC,2019-05-14,90.1706273923,88.7189778699,94.3880035468,86.8519025707
LTC,2019-05-15,102.921952401,91.5795297358,104.4982931465,90.9227936288
LTC,2019-05-16,95.2248783354,102.9219539215,107.708619836,91.1742969497
LTC,2019-05-17,88.0546687707,95.2247045275,97.7583285923,84.8862817635
LTC,2019-05-18,87.9909264436,88.0546577953,90.9285845372,86.1655746871
LTC,2019-05-19,96.303929319,87.6875720387,96.5244634373,86.8247792647
LTC,2019-05-20,90.9132575297,96.303929319,97.3021989754,87.358940702
LTC,2019-05-21,91.5480584867,91.6130123501,93.4082016142,89.1900954966
LTC,2019-05-22,88.7879248108,91.5478754647,92.3317296293,85.9097862511
LTC,2019-05-23,89.1818703523,88.7879910266,89.8897748098,84.7819721832
LTC,2019-05-24,100.8199068482,88.9300577411,104.4028724538,88.311087157
LTC,2019-05-25,103.339698173,100.8097600453,105.3539131925,99.1492686791
LTC,2019-05-26,110.9100192552,103.3395646543,114.7754544023,99.1150200644
LTC,2019-05-27,116.5700006027,110.9390863311,122.2180707652,110.78985548
LTC,2019-05-28,114.8565767635,116.6865039996,118.5477647009,111.4521556188
LTC,2019-05-29,115.9929681448,114.8562467059,118.3310829164,108.8181683746
LTC,2019-05-30,107.4965160094,115.3199252842,120.8035422595,89.2446894675
LTC,2019-05-31,112.7738691112,107.4414933386,113.4747709493,85.597220556
LTC,2019-06-01,114.3981444204,112.7889090516,116.1820337695,110.4072843082
LTC,2019-06-02,114.6503582272,114.4015286767,116.6896586116,87.6996528238
LTC,2019-06-03,110.1253459137,114.6363710027,116.1957611608,91.266851801
LTC,2019-06-04,100.6570774868,105.8385387013,106.2672064837,81.6853970783
LTC,2019-06-05,103.9007402277,100.6568711633,105.2430866716,88.9726137557
LTC,2019-06-06,110.3805653725,103.869359415,110.9077367723,87.541499568
LTC,2019-06-07,118.4359202368,110.3759081143,121.2287392405,82.0161615526
LTC,2019-06-08,118.6509730719,118.4295134189,120.0097662617,93.3630305954
LTC,2019-06-09,113.7899602013,118.4767045829,119.326677832,88.8840291202
LTC,2019-06-10,126.3357887124,113.7924529041,129.3766236014,112.7543011429
LTC,2019-06-11,135.956821688,129.7136162336,138.954941916,92.1678926048
LTC,2019-06-12,133.9100567729,135.9634861469,143.7658734715,92.6963860506
LTC,2019-06-13,131.1253861283,135.8747897531,136.8018726922,90.7721067623
LTC,2019-06-14,131.9205253214,131.142957695,133.1321276278,84.8550910681
LTC,2019-06-15,137.6618562469,132.729881372,139.9138660958,82.8290570521
LTC,2019-06-16,136.5360570234,137.6614902033,139.0390783825,89.0426169029
LTC,2019-06-17,134.9477225683,136.5320779905,137.5828731713,130.6448059904
LTC,2019-06-18,135.1103461094,134.145846772,136.7876219458,128.5468050321
LTC,2019-06-19,136.7520829766,135.1010147997,139.6092568877,79.8435968127
LTC,2019-06-20,135.545244276,136.7640952749,137.4941623347,79.7648644418
LTC,2019-06-21,136.9882659443,135.5468729995,141.3601382254,115.4320891886
LTC,2019-06-22,139.3831894153,139.0014325874,145.932575891,137.6155082142
LTC,2019-06-23,136.9910657368,139.3792666252,142.1482227869,136.3482076595
LTC,2019-06-24,135.0023954706,137.0170120227,137.0549909928,109.5291887225
LTC,2019-06-25,137.7811680471,135.005270883,138.0628237941,129.1077085348
LTC,2019-06-26,129.8003998404,137.7907092051,137.9136749605,125.6737332004
LTC,2019-06-27,115.9063128687,129.7963206819,131.9863416588,109.8367744987
LTC,2019-06-28,119.094181506,115.8940532544,121.6808717691,112.596881334
LTC,2019-06-29,133.5384364208,119.5800633812,136.134043098,115.2177517134
LTC,2019-06-30,121.5925173832,133.5355808649,136.8516060346,119.6665852714
LTC,2019-07-01,120.5050796557,121.5873332977,126.3626157122,113.4290257938
LTC,2019-07-02,118.5845900615,120.4863232708,124.0322202785,112.2141683451
LTC,2019-07-03,120.6682691405,118.3973711651,123.0602268571,117.2348867954
LTC,2019-07-04,123.4360685823,120.6684186027,127.1962731028,118.9697704071
LTC,2019-07-05,118.5413559762,119.5524704367,120.6761772188,116.5655505109
LTC,2019-07-06,117.9839200914,118.5416351036,122.2278279829,117.1641736126
LTC,2019-07-07,119.2162729943,117.9801037196,120.9547708582,117.2390742965
LTC,2019-07-08,121.8313951385,119.2241342524,121.8331506751,118.3174395204
LTC,2019-07-09,118.8438072536,121.8270570039,125.4718913368,117.9332153143
LTC,2019-07-10,107.5637540795,119.4031808296,120.320232649,102.4869997193
LTC,2019-07-11,102.9121572732,107.5644709567,108.3156292617,95.3602765995
LTC,2019-07-12,104.5181461022,102.9156905356,106.9998016999,100.7869313483
LTC,2019-07-13,100.8077179125,104.5185042163,105.3612584403,97.7220126759
LTC,2019-07-14,91.2905181334,101.1915912489,101.8954519588,88.0346788713
LTC,2019-07-15,91.7488901751,91.2658536309,92.9527084744,84.8804741885
LTC,2019-07-16,79.4779541212,91.7470964352,92.0731933758,76.7196616279
LTC,2019-07-17,91.3003273793,79.5171687534,94.8431230911,76.8219975462
LTC,2019-07-18,101.2829302154,90.2536354675,104.6571669568,87.2485306686
LTC,2019-07-19,97.8125556048,101.3016475006,103.2327190504,95.0424417467
LTC,2019-07-20,103.0654868343,98.4729269372,105.9022709933,97.6610454933
LTC,2019-07-21,99.4155152107,103.0600233609,103.5163185052,96.6154620362
LTC,2019-07-22,94.4951983963,99.4149123309,100.8637779109,91.1410970936
LTC,2019-07-23,92.3011527513,94.4946009496,95.1546899768,88.6029630546
LTC,2019-07-24,93.9514267587,90.2203720212,97.2724918181,87.0436971482
LTC,2019-07-25,93.3866735396,93.948295285,96.7839396625,91.6163359099
LTC,2019-07-26,94.1940594314,93.3837289994,94.6558345658,90.3038109475
LTC,2019-07-27,88.5042935126,94.1911539527,96.3764693465,86.8107127171
LTC,2019-07-28,88.0177331226,88.7562581759,90.1382367767,83.5755557417
LTC,2019-07-29,91.0471590164,90.085914064,92.1550754085,87.5117961964
LTC,2019-07-30,90.5031855048,91.0461141991,92.7492627938,88.5512495392
LTC,2019-07-31,98.9520816989,90.5037863816,100.0627454962,89.98584586
LTC,2019-08-01,99.1912872798,98.9471214914,100.545178824,95.9204910701
LTC,2019-08-02,94.9701851036,99.1911689374,99.2947153053,92.8076093761
LTC,2019-08-03,94.3298262346,94.972543884,96.6765289797,93.7476147536
LTC,2019-08-04,93.0712232975,94.3284581475,94.8031016631,90.5508400741
LTC,2019-08-05,97.6195267816,93.0772360113,106.8476611203,92.8528397207
LTC,2019-08-06,91.8386742749,97.6158204504,99.2001172283,90.9053086674
LTC,2019-08-07,91.4332539441,91.843095099,94.2792362782,87.3132740993
LTC,2019-08-08,90.0012436341,91.4326110899,92.5368417924,87.8605164161
LTC,2019-08-09,83.8512383067,90.0032820692,90.3357263394,82.5448162321
LTC,2019-08-10,85.5569857783,83.8512024906,87.2125826434,82.062663889
LTC,2019-08-11,90.0296714816,85.2360448077,91.365142757,85.1495890075
LTC,2019-08-12,85.9362087383,90.0291369479,90.1644213927,85.3914070144
LTC,2019-08-13,84.0213339638,85.9325463874,86.5559406003,83.0595788199
LTC,2019-08-14,77.8085640065,84.4876180019,85.9245101801,75.1609448064
LTC,2019-08-15,76.942374433,77.81020139,77.8260391415,73.6931351281
LTC,2019-08-16,75.0414028932,76.2834633862,76.3817302164,72.4014749402
LTC,2019-08-17,72.9420138153,75.0472305217,75.4412711424,71.740149033
LTC,2019-08-18,76.8909327639,72.7408305001,78.037641627,71.5651873372
LTC,2019-08-19,76.8401133857,76.8912740119,78.9352413094,75.6469740378
LTC,2019-08-20,75.6744204259,76.8432610288,77.3810580244,73.4856093359
LTC,2019-08-21,72.921971495,75.6778485248,75.7124311932,70.0750419439
LTC,2019-08-22,74.0451319879,72.9292572277,74.6549066571,71.0404185243
LTC,2019-08-23,75.2255972866,73.4288517103,76.0269946456,72.5704241218
LTC,2019-08-24,73.673530131,75.4701817594,75.6416504676,71.655399279
LTC,2019-08-25,72.120248293,73.6716774031,74.9326920374,70.7038734662
LTC,2019-08-26,73.7465829736,72.224403434,75.4758824867,72.2060861668
LTC,2019-08-27,72.2203809755,73.7257704643,73.9018344064,72.1376481646
LTC,2019-08-28,67.1631645442,72.8045589981,73.0025559694,64.8865412134
LTC,2019-08-29,63.7748772108,67.1627816612,67.1703643164,62.2771517402
LTC,2019-08-30,64.8417280891,63.7716380289,65.6350602934,62.296738653
LTC,2019-08-31,64.8156311237,64.3395209077,65.3967846442,62.5300190414
LTC,2019-09-01,66.721830231,64.8152433842,67.3697104918,64.072607573
LTC,2019-09-02,67.0177613935,66.7246623423,68.0913748486,65.1990658714
LTC,2019-09-03,70.8088756806,67.1701164793,71.0751285992,66.7618543222
LTC,2019-09-04,67.0030854054,70.8094794723,70.8191407965,66.6175669313
LTC,2019-09-05,65.6110949338,67.0054589507,67.4631573565,64.3626680059
LTC,2019-09-06,65.2465222788,65.611868187,68.1088702232,64.0844671989
LTC,2019-09-07,68.9171635582,65.2343396124,70.681173967,64.6896192527
LTC,2019-09-08,70.6329860704,68.8830424826,71.5826400959,68.2864361453
LTC,2019-09-09,70.2649242217,70.6205935562,71.3980536205,68.0017547899
LTC,2019-09-10,70.4291810054,70.2649664013,73.1786290113,69.9042852798
LTC,2019-09-11,69.7479950882,70.8109219554,71.6830864636,68.3765562193
LTC,2019-09-12,69.090204485,69.7489877063,70.0923597299,68.4725032581
LTC,2019-09-13,68.1338780251,69.0897459916,69.6566784739,67.59809806
LTC,2019-09-14,70.7079647554,68.1329806318,71.453357761,68.0432306694
LTC,2019-09-15,70.3403629576,70.6949139345,71.4742135223,69.7862969189
LTC,2019-09-16,72.86998651,70.3403411671,73.8056130213,69.5857486863
LTC,2019-09-17,75.4453176629,72.8699507217,77.5504119756,72.3193755449
LTC,2019-09-18,78.8023120187,75.4441212448,80.2867360756,73.7852298225
LTC,2019-09-19,76.6157067815,77.8547104409,77.8547104409,72.693530091
LTC,2019-09-20,74.2929679621,76.6163020142,77.3470571702,72.9155820222
LTC,2019-09-21,73.1879988548,74.293402949,75.6076302866,72.241218381
LTC,2019-09-22,72.4435172024,73.1876608114,73.3499756907,71.1901349649
LTC,2019-09-23,66.9376810555,72.4435341805,74.1746422048,62.0535289357
LTC,2019-09-24,57.4111878393,66.9119188834,67.3855100903,55.636470775
LTC,2019-09-25,57.5100460018,55.003663448,58.497334544,53.1874623542
LTC,2019-09-26,55.6738911398,57.5118776051,57.6648720387,50.4669862034
LTC,2019-09-27,55.8496933857,55.674249662,56.8126597542,52.8042626642
LTC,2019-09-28,55.2479828374,55.9796919809,56.2702565472,53.902445705
LTC,2019-09-29,54.4577797302,55.249662193,55.6222704799,52.2821103696
LTC,2019-09-30,55.7137076839,53.9259788312,56.3514888789,52.6141814799
LTC,2019-10-01,56.0957102188,56.1810522277,57.6720352906,55.0123162487
LTC,2019-10-02,56.0169951442,56.0940669907,56.747218512,55.3126813932
LTC,2019-10-03,56.6337429274,56.0169764856,56.7850618237,53.8765441624
LTC,2019-10-04,56.9569451674,56.4944122214,57.4852257703,55.3813440815
LTC,2019-10-05,56.7817514059,56.9568446444,57.4448173798,55.7105735429
LTC,2019-10-06,54.4957642516,56.8303828563,56.9171889768,53.2078862044
LTC,2019-10-07,57.6670030824,54.5032103784,58.7330999832,53.3319830546
LTC,2019-10-08,57.0311042994,57.6672867049,58.4999310369,56.5613689692
LTC,2019-10-09,59.2207567658,57.0134141269,60.0599526288,56.6537514121
LTC,2019-10-10,57.6377272646,59.2220423458,59.5629210208,57.393508361
LTC,2019-10-11,55.6629492512,57.6376435879,58.5724148516,55.4820393853
LTC,2019-10-12,55.8696036978,55.6627593336,56.4908301087,55.4362160119
LTC,2019-10-13,56.6263902395,55.7692778974,57.6680693111,55.54314519
LTC,2019-10-14,56.6617111533,56.6251396604,57.0827686568,56.0361408615
LTC,2019-10-16,52.5520049204,54.5618466098,55.294093041,51.1207847176
LTC,2019-10-17,54.720299346,52.5461363966,55.1132861675,51.5829241723
LTC,2019-10-18,53.2121641456,54.717212865,54.9253249871,52.1944113676
LTC,2019-10-19,53.6734744334,53.2293135228,54.1055367198,52.5905249173
LTC,2019-10-20,54.7063761669,53.6741949863,55.4761416737,52.5843211804
LTC,2019-10-21,54.7247562083,54.8666038781,55.6743913204,53.7148243758
LTC,2019-10-22,53.4029903699,54.7246591256,55.0895704362,53.321421227
LTC,2019-10-23,49.0782212704,53.3474656788,53.4398998455,47.2667640193
LTC,2019-10-24,49.7677073813,49.0779706709,50.2876219463,48.3344531077
LTC,2019-10-25,56.593657245,49.5913049693,58.6702299953,49.0874600814
LTC,2019-10-26,56.363115356,56.5949880226,63.5153498027,54.2639423555
LTC,2019-10-27,60.0366794831,56.9059548284,62.8669692272,55.7980286416
LTC,2019-10-28,58.8723634039,60.0396540973,62.471700683,57.6169637901
LTC,2019-10-29,60.2064386316,57.8665114931,60.7755720663,57.8256078011
LTC,2019-10-30,58.1042560558,60.2106891462,61.1115711457,56.9689549997
LTC,2019-10-31,58.1163980529,58.104166545,59.5409640693,57.0987106099
LTC,2019-11-01,58.1667441199,58.1175663094,58.8203826484,56.7429365997
LTC,2019-11-02,58.2279375386,58.2401823245,59.1757605448,57.8101425652
LTC,2019-11-03,58.6036682646,58.2482064358,58.6902514135,57.2514069611
LTC,2019-11-04,61.2903852903,58.6022158236,62.4984337171,57.9237777125
LTC,2019-11-05,63.0839795534,61.3447674209,64.1298658096,60.9884833553
LTC,2019-11-06,63.5045729339,63.0829331902,63.8766052198,62.6092227288
LTC,2019-11-07,61.8368951648,63.5042348564,64.244567287,60.2228645451
LTC,2019-11-08,60.4531965887,61.3527299895,62.3867487627,58.7851169814
LTC,2019-11-09,62.1226531356,60.4540670809,62.2965496492,60.1420625743
LTC,2019-11-10,64.0601921722,62.1177335449,66.0373843263,60.9885756522
LTC,2019-11-11,61.8730977322,64.0507231152,64.306474299,60.5080088384
LTC,2019-11-12,61.0825720028,61.8766533017,62.1302037397,59.6380800536
LTC,2019-11-13,60.702390006,61.0815939369,61.8495339456,60.1747525806
LTC,2019-11-14,59.074214443,60.8073285024,60.8599998326,58.2940979843
LTC,2019-11-15,57.687641161,59.0855199263,60.6532975433,56.2444139723
LTC,2019-11-16,58.0924250468,57.6878502722,58.8407870285,57.1656820125
LTC,2019-11-17,59.4409150517,58.0872378754,59.9767634728,57.659921933
LTC,2019-11-18,56.1126431235,59.1996951546,59.269145586,53.905597301
LTC,2019-11-19,55.0245149269,56.1164789511,56.1242506979,54.1985255862
LTC,2019-11-20,54.918446204,55.0751756814,56.0567513427,54.5841831636
LTC,2019-11-21,50.5926289224,54.9178467509,55.1956996504,48.3130868388
LTC,2019-11-22,47.3796348646,50.605662831,51.5068544918,43.7462288038
LTC,2019-11-23,47.9684458359,47.382798635,48.5747721085,46.3120115271
LTC,2019-11-24,45.2306260473,47.9710319317,48.3094208429,43.6178789883
LTC,2019-11-25,46.1879881059,43.9554157542,47.4447254289,42.2855752273
LTC,2019-11-26,47.1344539322,46.1889671844,47.5702571197,45.3484333545
LTC,2019-11-27,47.6807703964,47.1404935443,48.7452091531,44.6392070556
LTC,2019-11-28,46.8070528262,47.6801756279,48.0173289596,46.751165101
LTC,2019-11-29,48.6718643584,46.8076488591,49.3214644672,46.3037817332
LTC,2019-11-30,47.3182611547,48.6018680155,48.7977959059,46.7703966802
LTC,2019-12-01,47.829205693,47.3185715753,48.4234357512,45.579394245
LTC,2019-12-02,45.8123975614,47.8289848213,48.004345179,44.7658694343
LTC,2019-12-03,45.0363058605,45.5697933124,46.2464307495,44.4208194048
LTC,2019-12-04,44.7508490862,45.0366305463,47.038895748,43.7842655277
LTC,2019-12-05,44.8099228942,44.7563428762,45.2432908738,43.7551550061
LTC,2019-12-06,45.3397523612,44.8030369195,45.5469837769,44.1035312788
LTC,2019-12-07,45.2470273384,45.3564039431,46.5488578087,45.0404443993
LTC,2019-12-08,45.6896536729,45.2469887901,46.2643455634,44.9018733659
LTC,2019-12-09,44.4232462104,45.6894905899,45.9047663352,44.102794128
LTC,2019-12-10,44.0064983886,44.4233003248,44.6045024126,43.5972254506
LTC,2019-12-11,43.5407179501,44.0071767521,44.3905635502,43.2840300107
LTC,2019-12-12,43.6240485292,43.6569747881,44.0716325264,42.869949851
LTC,2019-12-13,44.2413710531,43.6201780266,44.5127412695,43.4249379533
LTC,2019-12-14,43.4377918709,44.2420000618,44.6344852699,43.2154586821
LTC,2019-12-15,43.5438795419,43.437783548,43.9778425905,42.9364581594
LTC,2019-12-16,40.0913595458,43.5433565539,43.5666398766,39.0385650442
LTC,2019-12-17,36.7887657204,40.0925806897,40.1068112225,36.4546457561
LTC,2019-12-18,41.4450075092,36.7893293636,41.5225534754,35.9007139117
LTC,2019-12-19,39.5415117072,40.8339997714,41.0624292159,39.1085882572
LTC,2019-12-20,40.1036154591,39.5361151037,40.2675132921,39.2741827489
LTC,2019-12-21,40.2853779865,40.104053636,40.5541600132,39.6223888596
LTC,2019-12-22,41.1253302116,40.2853567525,41.755892124,39.6823582219
LTC,2019-12-23,40.0582417856,41.1252862248,41.870162798,39.7035416349
LTC,2019-12-24,40.4985685183,40.0585490936,40.7453464158,39.0572578791
LTC,2019-12-25,40.3005373626,40.4980444801,40.5479912385,39.3990391839
LTC,2019-12-26,39.9874704871,40.2999422664,41.6567130969,39.5511276694
LTC,2019-12-27,40.8224193501,39.9873404403,41.2923448607,39.5485253672
LTC,2019-12-28,43.103837837,40.8225698036,43.6449843266,40.7839593936
LTC,2019-12-29,43.1101216265,43.1037413023,43.6873734833,42.0848383375
LTC,2019-12-30,42.3884016528,43.053397639,44.0398022743,41.7494085421
LTC,2019-12-31,41.2135751098,42.3886883502,42.8829663267,40.9010414843
LTC,2020-01-01,41.3854447327,41.2135247348,41.9880705697,41.0529519265
LTC,2020-01-02,39.416136052,41.3844004142,41.5935405938,39.1264816538
LTC,2020-01-03,41.7107348752,39.418568366,42.296355103,38.7307213925
LTC,2020-01-04,42.5919713235,41.7102558434,42.8027245789,41.7016285454
LTC,2020-01-05,43.2595222038,42.5868265877,44.545911045,42.352389375
LTC,2020-01-06,45.66345252,43.2584166244,45.7809421255,43.1532030685
LTC,2020-01-07,46.1654350959,45.663836237,46.7878458068,44.5108695488
LTC,2020-01-08,45.4574573054,46.1667195738,48.5392666973,44.1137500584
LTC,2020-01-09,44.5191597178,45.3194648258,45.7353034181,43.904988021
LTC,2020-01-10,48.5887641666,44.5200013702,49.6397563917,43.7502783874
LTC,2020-01-11,50.1435685191,49.046598645,51.8653635057,47.8434568176
LTC,2020-01-12,50.9612892245,50.1434182158,51.6534818048,48.8181047647
LTC,2020-01-13,49.617935363,50.9666364012,51.5635846247,48.8915736276
LTC,2020-01-14,58.1440668781,49.6765419452,60.6969178378,49.663065242
LTC,2020-01-15,58.9737477947,58.161852099,60.1686846064,55.2828235613
LTC,2020-01-16,57.6743761979,58.9729361702,59.1844737899,54.7033390243
LTC,2020-01-17,61.9962403605,57.6742962112,63.1303190144,56.7328348715
LTC,2020-01-18,60.0299024046,61.9989489425,62.3423446143,57.9329125864
LTC,2020-01-19,57.2688770088,60.0298796361,62.4285794414,55.3760218576
LTC,2020-01-20,57.2072406007,57.2601072636,58.133653287,55.8076048449
LTC,2020-01-21,57.4114008536,57.2111039106,57.9761455207,55.8766573656
LTC,2020-01-22,57.8076277424,57.4111916774,59.1406792302,57.1353108727
LTC,2020-01-23,54.0910129377,57.8075124907,58.1887602251,52.2990148198
LTC,2020-01-24,54.5840050128,54.3728391198,55.2785617802,50.6245323377
LTC,2020-01-25,53.5550523709,54.5832816129,54.752429632,52.2055048847
LTC,2020-01-26,55.7586574292,53.5564816109,56.5103325328,52.803633547
LTC,2020-01-27,58.5287489911,55.7586376925,59.4759296362,55.7585960999
LTC,2020-01-28,59.3921746886,58.5164461403,61.4006333723,57.26720121
LTC,2020-01-29,60.0726005253,59.3921633767,62.3748398973,59.2222761089
LTC,2020-01-30,68.9488986893,59.7083198065,70.08596876,58.1667205343
LTC,2020-01-31,68.4030324331,68.9797196163,69.8223413659,65.3593360257
LTC,2020-02-01,70.5020977256,68.385620458,72.8279614699,67.4447785511
LTC,2020-02-02,70.8369437278,70.7607545588,73.3772100401,67.6806729924
LTC,2020-02-03,69.5287330649,70.8368672324,72.8826576398,68.3977556333
LTC,2020-02-04,67.7480300194,69.6363169804,70.3577049765,66.5852677227
LTC,2020-02-05,72.5477847171,67.7462724571,73.3791130765,67.5006736168
LTC,2020-02-06,72.8779886976,72.5360480956,74.9874619551,70.944333071
LTC,2020-02-07,73.9990819417,72.8771678692,75.3141300752,72.5813285499
LTC,2020-02-08,77.2549540374,73.9989664222,77.751332102,71.5585014109
LTC,2020-02-09,76.9920677031,76.6730732128,78.4584675283,75.1530033889
LTC,2020-02-10,73.7817456172,76.992056879,77.473221319,72.355215457
LTC,2020-02-11,76.9402913072,74.0367079645,77.572600811,72.6000600443
LTC,2020-02-12,81.6898093912,76.9403812475,82.9912550926,76.6168395047
LTC,2020-02-13,79.8295808845,81.6840472683,84.4264048963,77.3457093435
LTC,2020-02-14,83.6444990423,80.6060743591,83.7071401887,78.5947393457
LTC,2020-02-15,77.0347271439,83.6442482246,83.9346203319,75.1037920002
LTC,2020-02-16,73.6789282447,77.034682697,80.7293989612,67.8723998056
LTC,2020-02-17,72.0495678568,74.8383663105,75.4508953132,68.7199690587
LTC,2020-02-18,77.2712700143,72.0639682471,79.1348340096,70.3000436459
LTC,2020-02-19,72.5201873648,77.2750221126,79.5323165571,67.8219174608
LTC,2020-02-20,69.8651618142,70.692655223,72.3809425745,66.315441543
LTC,2020-02-21,72.7829559658,69.8642158088,75.3726784413,68.7280620505
LTC,2020-02-22,75.5032443447,73.4064854751,76.7273466141,72.4862771356
LTC,2020-02-23,79.3385013616,75.4695342602,80.1957564812,74.5977151638
LTC,2020-02-24,75.1175154679,79.3270281035,80.0519385182,71.7823890625
LTC,2020-02-25,72.0203760158,75.1170583833,76.0667584718,69.5928479252
LTC,2020-02-26,61.0268769367,72.0200914467,72.0686647146,57.4608140855
LTC,2020-02-27,62.2802877446,61.0165168601,65.1464210027,57.2379915907
LTC,2020-02-28,61.0410096898,61.7165165786,63.3938641885,56.9132327129
LTC,2020-02-29,59.0237828568,61.039842619,61.6985329935,58.1971114107
LTC,2020-03-01,57.9847838555,59.0240507796,60.2666212873,56.1854007578
LTC,2020-03-02,61.1268741904,57.9832845768,62.3533866113,57.244648609
LTC,2020-03-03,61.1600748215,61.4762643422,62.4547437552,59.4972896116
LTC,2020-03-04,60.3446842108,61.1593272007,61.7792582631,58.8937956542
LTC,2020-03-05,61.8018724224,60.3393564644,63.3243192025,60.0576219114
LTC,2020-03-06,62.8256257334,62.1166762958,63.9300755052,61.3209091932
LTC,2020-03-07,60.9076843859,62.8248122645,64.0125474041,60.1399825811
LTC,2020-03-08,52.0751007678,60.9018259339,60.9323903228,51.1722094557
LTC,2020-03-09,49.8079622716,52.0758423929,53.3388036556,46.6387885269
LTC,2020-03-10,50.5973790887,50.473961885,51.4284746429,48.9767100478
LTC,2020-03-11,48.6865166971,50.599088442,50.7218443778,45.5108800506
LTC,2020-03-12,33.3934334033,48.6984205341,48.8791358552,30.4381805426
LTC,2020-03-13,37.4595293546,33.3920056199,40.4738170695,24.794460576
LTC,2020-03-14,35.1188407764,37.4615348119,38.740638075,34.5625169892
LTC,2020-03-15,36.2219067025,35.1114401136,38.8660896221,33.8931373423
LTC,2020-03-16,32.0531945034,36.2088101145,36.7497611487,29.4090212779
LTC,2020-03-17,35.0147359485,32.0529280534,36.0631536831,31.9174856732
LTC,2020-03-18,34.3435455918,35.0101821122,35.0637989207,32.511942452
LTC,2020-03-19,40.327951278,34.3303653637,40.8898966846,34.1519126069
LTC,2020-03-20,37.7843555798,40.318916066,43.8705910149,34.1527045921
LTC,2020-03-21,38.4741258892,37.7838055967,39.9328693538,36.4176428775
